{"pyannote": "Timeline", "content": [{"start": 0.0, "end": 8.733333333333333}, {"start": 8.733333333333333, "end": 10.566666666666666}, {"start": 10.566666666666666, "end": 11.833333333333334}, {"start": 11.833333333333334, "end": 14.0}]}