person	segment
0	[[2.8, 7.7], [11.732999999999999, 12.1], [19.467, 23.3], [23.233, 23.666999999999998]]
2	[[7.733, 11.633], [12.633, 13.967], [13.633, 19.433]]
